<?xml version="1.0" encoding="UTF-8"?>
<project-private xmlns="http://www.netbeans.org/ns/project-private/1">
    <editor-bookmarks xmlns="http://www.netbeans.org/ns/editor-bookmarks/2" lastBookmarkId="0"/>
    <open-files xmlns="http://www.netbeans.org/ns/projectui-open-files/2">
        <group>
            <file>file:/D:/OneDrive/Documentos/Faculdade/ENG7/SISTEMAS%20DISTRIBUIDOS/JS-SD/CRUD-RMI-CLIENTE/src/views/AdicionarProduto.java</file>
            <file>file:/D:/OneDrive/Documentos/Faculdade/ENG7/SISTEMAS%20DISTRIBUIDOS/JS-SD/CRUD-RMI-CLIENTE/src/layout/Janela.java</file>
        </group>
    </open-files>
</project-private>
